{
  "navbar.story": "Story",
  "navbar.tokenomics": "Tokenomics",
  "navbar.NFT": "NFT",
  "navbar.mint": "Mint",
  "navbar.stakeBreed": "Stake & Breed",
  "navbar.roadmap": "Roadmap",
  "navbar.team": "Team",
  "navbar.FAQ": "FAQ",
  "navbar.presale": "Presale",

  "landing.title": "WELCOME TO THE",
  "landing.subtitle": "CRAZY APE GOONGYE CLUB",
  "landing.para": "The Goongye, the ruthless founder of the country, has transcended humanity and has become a higher being. He has transformed into the Crazy Ape Goongye, with knowledge beyond the fathomable concepts of man. Through his teachings, the Ape Goongye aims to create a new civilization that is efficient and prioritizes reason more than emotions.",
  "landing.footerTitle": "If you want to build this world better, come and join us!",

  "story.title": "Story",
  "stroy.background": "BACKGROUND",
  "stroy.paraback1": "When the Goongye was still in his human form, he was a ruthless tyrant that led his people to victory. His country overcame war against various enemies through the use of deadly force and objective decisions. The Goongye showed no mercy to his enemies but was a good ally to his friends. He never abandoned a partner in battle nor let his worst enemies survive a fight. As he gained more knowledge to understand the world and become more powerful, he came upon the forbidden book – The Necronomicon.",
  "stroy.paraback2": "The Goongye was thirsty for knowledge and power which led him to ignore the warnings of his council and read the forbidden book. He spent weeks in his room, reading and analyzing each page and text. When he emerged from his weeks of seclusion, he was not a man anymore. He has become the Ape Goongye; a higher being that values reason and objectivity beyond anything else.",
  "story.story": "Storry",
  "story.parastory1": "While the Ape Goongye has acquired knowledge beyond the understanding of man, the world has fallen into a war between the Eastern and Western countries. Since the Ape Goongye is from the east, he then prepares to help his allies win the war.",
  "story.parastory2": "However, reading the Necronomicon has made the Ape Goongye less of a tyrant and more of a peace-keeper. While he wants to secure the power of his country, he does not want to destroy the Western countries or harm innocent civilians.",
  "story.parastory3": "Since some of the Goongye’s allies preferred the ruthless tyrant, they are having trouble working with the changed Ape Goongye.",
  "storyCarousel.scene1": "Scene#1",
  "storyCarousel.para1": "The Ape Goongye discusses war tactics with other Eastern countries to minimize casualties and end the conflict. However, some of the allies want the Ape Goongye to use his troops to wipe out an enemy camp.",
  "storyCarousel.scene2": "Scene#2",
  "storyCarousel.para2": "The Ape Goongye and some of the allies entered a heated argument regarding violent tactics and securing the safety of civilians.",
  "storyCarousel.scene3": "Scene#3",
  "storyCarousel.para3": "The Ape Goongye realizes that his allies want to destroy the Western countries and take over their territory. Since he is not a ruthless tyrant anymore, he decides to leave his position as a leader and left civilization.",
  "storyCarousel.scene4": "Scene#4",
  "storyCarousel.para4": "Now, the Ape Goongye travels the world as a stranger that teaches men about peace and the sanctity of life. The Eastern and Western countries are in a constant war but the Ape Goongye decides to ignore the violence.",

  "tokenomics.title": "Tokenomics",
  "tokenomics.number1": "2,000",
  "tokenomics.number2": "10,000",
  "tokenomics.breed": "Breed",
  "tokenomics.card1Title": "CRAZY GOONGYE",
  "tokenomics.card1subTitle": "Stake & Receive",
  "tokenomics.card1balance": "2,000 ",
  "tokenomics.card1Duration": "$MAGUNI",
  "tokenomics.card1Duration2": "per day",
  "tokenomics.card2Title": "KING GOONGYE",
  "tokenomics.card2subTitle": "Stake & Receive",
  "tokenomics.card2balance": "240",
  "tokenomics.card2Duration": "$MAGUNI",
  "tokenomics.perday": "per day",
  "tokenomics.manguni": "$MAGUNI ",
  "tokenomics.manguni2": " **$MAGUNI ",
  "tokenomics.tokens": " tokens ",
  "tokenomics.cost": "  It costs ",
  "tokenomics.1000": " 1000 ",
  "tokenomics.24": " 24 ",
  "tokenomics.para1": "is the insane token that powers the Crazy Ape Goongye ecosystem. All holders of a Ape Goongye can stake and receive",
  "tokenomics.para2": " to evolve your Crazy Goongye to King Goongye. Once you're a holder of a King Goongye you can stake them and will receive",
  "tokenomics.para2h2": "per day. Here will only be a maximum supply of",
  "tokenomics.king": "King Goongye ever minted.",
  "tokenomics.para3": "Your original Crazy Goongye gets burned when you mint an King Goongye which will lessen the supply of Crazy Ape Goongye in the ecosystem.",
  "tokenomics.para4": "can also be used to change the name and bio of your Crazy Goongye or King Goongye. There are future utilities coming to the Rec Room such as mini games like 'Maguni' . By participating in these games you will be able to receive rewards.",
  "tokenomics.para5": "  is the utility token designed and intended solely as a method to obtain goods or services available at the Crazy Ape Goongye.",
  "tokenomics.para5h2": "are not intended to generate profit, speculative or otherwise, and is NOT an investment and has NO economic value.",
  "tokenomics.klay": "KLAY",

  "Staking.1": "Staking",
  "staking.parah1": "After announcing that you can stake your Crazy Ape Goongye we received a lot of positive feedback showing that people are very interested in this feature. So, how do you stake your Crazy Ape Goongye and what benefits does it bring?",
  "staking.parah2": "The Staking feature will be available immediately upon mint of your Crazy Ape Goongye NFT. Owners can stake their Crazy Ape Goongye for any period of time depending on their decision and will receive a reward of",
  "staking.MAGUNI": "MAGUNI",
  "staking.tokens": "tokens",
  "staking.day": "per day.",
  "staking.parah3": "The more Crazy Ape Goongye you use to stake the more",
  "staking.parah4": "you will receive. You can also evolve to level up and mint an King Ape Goongye. King Ape Goongye FTs will also be available to stake and owners will receive 2.5 times more rewards, at the rate of",

  "nftCarousel.1": "CRAZY APE GOONGYE NFT",
  "nftCarousel.2": "OpenSea",

  "mint.1": "Mint",
  "mint.li1": "You MUST connect a Wallet to mint NFTs.",
  "mint.li2": "Transactions will be done via the connected wallet.",
  "mint.li3": "You MUST have KLAYTN to pay gas fee when it comes to make transactions.",
  "mint.li4": "The number of mints per transaction is set according to each sales round.",
  "mint.h3": "Mint your Ape Goongyes",
  "mint.para1": "Enter how many card you'd like to mint here.",
  "mint.Remaining": "Remaining",
  "mint.price": "Price Per Card",
  "mint.Each": "KLAY Each",
  "mint.max": "3 max",
  "mint.Total": "Total",
  "mint.KLAY": "KLAY",
  "mint.Wallet": "Connect Wallet",
  "mint.Mint": "Mint & Stake Now",

  "Roadmap.1": "Roadmap",
  "roadmap.parah1": "pen the website of the ape,",
  "roadmap.Goongye": "Goongye",
  "roadmap.parah2": "Startfirst to third",
  "roadmap.presale": "pre-sale",
  "roadmap.prize": "A prize draw",
  "roadmap.parah3": "will be provided when the tickets are sold out for each of the first to third rounds.",
  "roadmap.Start": "Start",
  "roadmap.parah4": "a YouTube channel, blog,and sending to the press",
  "roadmap.parah5": "Airdrops (of) APE Goongye Printy Transportation Card to",
  "roadmap.People": "100 People",
  "roadmap.Tokenomics": "Tokenomics",
  "roadmap.parah6": "will be released after the 3rd pre-sale is completed",
  "roadmap.Open": "Open",
  "roadmap.parah7": "minting and staking",
  "roadmap.parah8": "function (or Open the function of minting and staking)",
  "roadmap.Purchase": "Purchase the",
  "roadmap.parah9": "land of Sandbox",
  "roadmap.parah10": "and Decentraland metaverse",
  "roadmap.parah11": "Advertise on the billboard",
  "roadmap.parah12": "of Yeongdeungpo Times Square",
  "roadmap.parah13": "Produce a logo song for",
  "roadmap.GoongyeApe": "Goongye APE",
  "roadmap.parah14": "or Make a logo song for Gungye APE",
  "roadmap.Add": "Add",
  "roadmap.governance": "governance function",
  "roadmap.parah15": "to the website",
  "roadmap.conduct": "We conduct",
  "roadmap.parah16": "AMA on social networking",
  "roadmap.parah17": "services such as YouTube, Telegram, and Kakao Talk.",
  "roadmap.parah18": "Maguni Game",
  "roadmap.Issue": "Issue",
  "roadmap.NFT": "3D NFT",
  "roadmap.parah19": "to benefit holders (chain undecided)",
  "roadmap.parah20": "Hold an offline membership event for",
  "roadmap.parah21": "APE Goongye Club",
  "roadmap.parah22": "at the end of the year",
  "roadmap.parah23": "Unveil a larger ecosystem expansion (Roadmap 2.0)",
  "roadmap.5": "5%",
  "roadmap.10": "10%",
  "roadmap.15": "15%",
  "roadmap.20": "20%",
  "roadmap.25": "25%",
  "roadmap.30": "30%",
  "roadmap.35": "35%",
  "roadmap.40": "40%",
  "roadmap.45": "45%",
  "roadmap.50": "50%",
  "roadmap.55": "55%",
  "roadmap.60": "60%",
  "roadmap.65": "65%",
  "roadmap.70": "70%",
  "roadmap.75": "75%",
  "roadmap.80": "80%",
  "roadmap.85": "85%",
  "roadmap.90": "90%",
  "roadmap.95": "95%",
  "roadmap.100": "100%",
  "roadmap.foooter": " *Roadmap schedule is subject to change depending on business direction and strategy",

  "team.para1": "The Team",
  "team.para2": "The Artist",
  "team.para1h": " #PSS J",
  "team.para3": "Blockchain Dev",
  "team.para2h": "#Zoe",
  "team.para4": "Web Design",
  "team.para4h": "#Sophia",
  "team.para5": "Community",
  "team.para5h": "#Abbey",

  "staking.parabreed": "Breed",
  "staking.para1": "Staking",
  "staking.para2": "Stake All",
  "staking.para3": "Claim All Reward",
  "staking.para4": "MAGUNI Balance",
  "staking.para5": "My Crazy Ape Goongye",
  "staking.para6": "Crazy Ape Goongye #101",
  "staking.para7": "Daily Reward",
  "staking.para8": "The Crazy Ape Goongye Club is an ecosystem on the blockchain populated by theruthless tyrant. a limited series of 10,000 NFT.The $MAGUNI token is the utility that powers the CAGC ecosystem.",
  "staking.para9": "Stake",
  "staking.para10": "Change Name",
  "staking.para11": "Change Bio",
  "staking.para12": "Crazy Ape Goongye #101",
  "staking.para13": "Daily Reward",
  "staking.para14": "The Crazy Ape Goongye Club is an ecosystem on the blockchain populated by theruthless tyrant. a limited series of 10,000 NFT .The $MAGUNI token is the utility that powers the CAGC ecosystem.",
  "staking.para15": "Stake",
  "staking.para16": "Change Name",
  "staking.para17": "Change Bio",
  "staking.para18": "Staked Crazy Ape Goongye",
  "staking.para19": "Crazy Ape Goongye",
  "staking.para20": "Daily Reward",
  "staking.para21": "The Crazy Ape Goongye Club is an ecosystem on the blockchain populated by theruthless tyrant. a limited series of 10,000 NFT.The $MAGUNI token is the utility that powers the CAGC ecosystem.",
  "staking.para22": "Stake",
  "staking.para23": "Change Name",
  "staking.para24": "Change Bio",
  "staking.para25": "Crazy Ape Goongye #101",
  "staking.para26": "Daily Reward",
  "staking.para27": "The Crazy Ape Goongye Club is an ecosystem on the blockchain populated by theruthless tyrant. a limited series of 10,000 NFT.The $MAGUNI token is the utility that powers the CAGC ecosystem.",
  "staking.para28": "Stake",
  "staking.para29": "Change Name",
  "staking.para30": "Change Bio",
  "staking.para31": "Staked King Ape Goongye",
  "staking.para32": "Crazy Ape Goongye #101",
  "staking.para33": "Daily Reward",
  "staking.para34": "  The Crazy Ape Goongye Club is an ecosystem on the blockchain populated by theruthless tyrant. a limited series of 10,000 NFT.The $MAGUNI token is the utility that powers the CAGC ecosystem.",
  "staking.para35": "Stake",
  "staking.para36": "Change Name",
  "staking.para37": "Change Bio",
  "staking.para38": "Crazy Ape Goongye #101",
  "staking.para39": "Daily Reward",
  "staking.para41": "The Crazy Ape Goongye Club is an ecosystem on the blockchain populated by theruthless tyrant. a limited series of 10,000 NFT.The $MAGUNI token is the utility that powers the CAGC ecosystem.",
  "staking.para42": "Stake",
  "staking.para43": "Change Name",
  "staking.para44": "Change Bio",
  "staking.transefer": "Transfer",
  "staking.unstake": "Unstake",
  "staking.claimReward": "Claim Reward",
  "staking.crazyHeading": "Staked Crazy Ape Goongye",
  "staking.kingHeading": "Staked King Ape Goongye",
  "FAQ.1": "FAQ",
  "faq.parah1": "When will the minting site be announced?",
  "faq.parah2": "It will be released on the day of minting.",
  "faq.parah3": "What is the total issuance and minting quantity?",
  "faq.parah4": "The total issuance is 10,000 units, and 9,800 units will be minted excluding 200 units of the team.",
  "faq.parah5": "What is the minting price, and how many mints are available per transaction?",
  "faq.parah6.1": " 1st Minting: 110KLAY (3 per transaction)",
  "faq.parah6.2": " 2nd minting: 120KLAY (3 per transaction) ",
  "faq.parah6.3": " 3rd minting: 150 KLAY (3 per transaction)",
  "faq.parah7": "How can we do minting?",
  "faq.parah8": "It supports Kaikas on its own on its website so that you can mint it.",
  "faq.parah9": "Do you have NFT secondary royalty?",
  "faq.parah10": "The secondary royalty has been set at 5%. It will be actively invested to expand the ecosystem and increase the value of the $MAGUNI token, not just for the team's benefit.",
  "faq.parah11": "What are the Crazy Ape Goongye?",
  "faq.parah12.1": "Crazy Ape Goongye is a collection of 10,000 unique NFTs on the Klaytn Blockchain.",
  "faq.parah12.2": "Each one is individually insane and has their own strange and weird set of traits.",
  "faq.parah13": "How many NFT’s will be minted?",
  "faq.parah14.1": " There will only be 10,000 Crazy Ape minted in total, with 200 for promotional and management purposes.",
  "faq.parah14.2": "For King Goongye, there will only be 2,000 minted.",
  "faq.parah14.3": " You can only mint an King Goongye by evolving your Crazy Goongye for 1,000 KLAY tokens",
  "faq.parah15": "Is it hosted on IPFS?",
  "faq.parah16": " Yes of course, we haven't completely lost our minds. Both the image & metadata will be stored on IPFS. A major concern for NFTs is the integrity of the asset. this includes both the asset itself and any data associated with it. IPFS protects the integrity of NFT data by using CIDs to validate that nothing has changed since the link was created.",
  "faq.parah17": "Is there a whitelist and pre-sale for the Crazy Ape Goongye?",
  "faq.parah18": "Join our Discord and follow us on Twitter for whitelist info.",
  "faq.parah19": "Will there be other characters in the future?",
  "faq.parah20.1": "Yes holders of a Crazy Ape Goongye will be able to mint an King Goongye, limited to 2,000.",
  "faq.parah20.2": "We will evaluate additional characters and companions with input from the community for future drops.",
  "faq.parah21": "Are there any plans to develop Crazy King Goongye Games?",
  "faq.parah22.1": "Yes, to provide additional utility to $MAGUNI token holders we plan on launching a series of mini games for rewards.",
  "faq.parah22.2": " However we have no plans to launch a huge MetaVerse game, as the brains of the Crazy Ape Goongye are almost impossible to analyze.",
  "faq.parah23": "Why are the team members not public?",
  "faq.parah24": " We value our privacy as do many in the crypto space however we will share all the smart contracts addresses before the sale of any NFTs.",
  "faq.Q": "Q",
  "faq.A": "A",

  "footer.1": "maguni@crazyapegongyeclub.com",
  "footer.2": "COPYRIGHT Crazyapegoongyeclub. ALL RIGHTS RESERVED",

  "Presales.1": "Presales",
  "presale.connect": "Connect",
  "presale.li1": "You MUST connect a Wallet to mint NFTs.",
  "presale.li2": "Transactions will be done via the connected wallet.",
  "presale.li3": "You MUST have KLAYTN to pay gas fee when it comes to make transactions.",
  "presale.li4": "The number of mints per transaction is set according to each sales round.",
  "presale.2": "1st Pre-Sales",
  "presale.3": "2nd Pre-Sales",
  "presale.4": "3rd Pre-Sales",
  "presale.price": "Price",
  "presale.Amount": "Amount",
  "presale.Sold": "Sold Out",

  "NoWallet": "No Wallet",
  "WrongNetwork": "Wrong Network",
  "Connect": "Connect Wallet",
  "modal.congratulation": "Congratulations",
  "modal.heading": "You got a Crazy Goongye card now !",
  "modal.staking": "Staking",
  "modal.later": "Do it Later",
  "nftcard.transfer": "NFT Card Transfer",
  "nftcard.heading": "#1000 Crazy Goongye",
  "nftcard.confirm": "Confirm",
  "nftCard.to": "To",

  "transaction.Successfull": "Transaction Successfull",
  "insufficient.Balance": "Insufficient Balance!",
  "minting.Failed": "Minting Failed"
}
